"Season","Date","Game Type","Team","Opponent","Arena","City","State","Attendance"
2001,"May 28, 2001","Regular season","Houston Comets","Los Angeles Sparks","Compaq Center","Houston","TX",16285
2001,"May 30, 2001","Regular season","Phoenix Mercury","Utah Starzz","US Airways Center","Phoenix","AZ",9057
2001,"May 31, 2001","Regular season","Miami Sol","New York Liberty","AmericanAirlines Arena","Miami","FL",9234
2001,"May 31, 2001","Regular season","Cleveland Rockers","Washington Mystics","Quicken Loans Arena","Cleveland","OH",9307
2001,"May 31, 2001","Regular season","Indiana Fever","Houston Comets","Conseco Fieldhouse","Indianapolis","IN",10041
2001,"May 31, 2001","Regular season","Portland Fire","Minnesota Lynx","Moda Center","Portland","OR",10315
2001,"May 31, 2001","Regular season","Seattle Storm","Phoenix Mercury","KeyArena","Seattle","WA",7567
2001,"June 1, 2001","Regular season","Orlando Miracle","Los Angeles Sparks","Amway Arena","Orlando","FL",10102
2001,"June 2, 2001","Regular season","New York Liberty","Indiana Fever","Madison Square Garden","New York","NY",16050
2001,"June 2, 2001","Regular season","Charlotte Sting","Los Angeles Sparks","Spectrum Center","Charlotte","NC",12843
2001,"June 2, 2001","Regular season","Detroit Shock","Houston Comets","Palace of Auburn Hills","Detroit","MI",9401
2001,"June 2, 2001","Regular season","Minnesota Lynx","Phoenix Mercury","Target Center","Minneapolis","MN",10040
2001,"June 2, 2001","Regular season","Utah Starzz","Portland Fire","EnergySolutions Arena","Salt Lake City","UT",6813
2001,"June 2, 2001","Regular season","Sacramento Monarchs","Cleveland Rockers","ARCO Arena","Sacramento","CA",12689
2001,"June 3, 2001","Regular season","Washington Mystics","Seattle Storm","Verizon Center","Washington","DC",17310
2001,"June 4, 2001","Regular season","New York Liberty","Sacramento Monarchs","Madison Square Garden","New York","NY",12262
2001,"June 4, 2001","Regular season","Indiana Fever","Seattle Storm","Conseco Fieldhouse","Indianapolis","IN",7021
2001,"June 4, 2001","Regular season","Portland Fire","Phoenix Mercury","Moda Center","Portland","OR",7041
2001,"June 5, 2001","Regular season","Washington Mystics","Sacramento Monarchs","Verizon Center","Washington","DC",11302
2001,"June 5, 2001","Regular season","Miami Sol","Indiana Fever","AmericanAirlines Arena","Miami","FL",6462
2001,"June 5, 2001","Regular season","Detroit Shock","Orlando Miracle","Palace of Auburn Hills","Detroit","MI",4013
2001,"June 5, 2001","Regular season","Utah Starzz","Houston Comets","EnergySolutions Arena","Salt Lake City","UT",4907
2001,"June 5, 2001","Regular season","Phoenix Mercury","Charlotte Sting","US Airways Center","Phoenix","AZ",7008
2001,"June 5, 2001","Regular season","Los Angeles Sparks","Cleveland Rockers","Staples Center","Los Angeles","CA",11445
2001,"June 7, 2001","Regular season","Cleveland Rockers","New York Liberty","Quicken Loans Arena","Cleveland","OH",8706
2001,"June 7, 2001","Regular season","Houston Comets","Detroit Shock","Compaq Center","Houston","TX",9538
2001,"June 7, 2001","Regular season","Utah Starzz","Orlando Miracle","EnergySolutions Arena","Salt Lake City","UT",4503
2001,"June 7, 2001","Regular season","Sacramento Monarchs","Charlotte Sting","ARCO Arena","Sacramento","CA",5866
2001,"June 7, 2001","Regular season","Seattle Storm","Miami Sol","KeyArena","Seattle","WA",6430
2001,"June 9, 2001","Regular season","Cleveland Rockers","Indiana Fever","Quicken Loans Arena","Cleveland","OH",6284
2001,"June 9, 2001","Regular season","Orlando Miracle","Charlotte Sting","Amway Arena","Orlando","FL",7211
2001,"June 9, 2001","Regular season","Minnesota Lynx","Los Angeles Sparks","Target Center","Minneapolis","MN",10236
2001,"June 9, 2001","Regular season","Utah Starzz","Seattle Storm","EnergySolutions Arena","Salt Lake City","UT",6323
2001,"June 9, 2001","Regular season","Sacramento Monarchs","Miami Sol","ARCO Arena","Sacramento","CA",7870
2001,"June 10, 2001","Regular season","Phoenix Mercury","Houston Comets","US Airways Center","Phoenix","AZ",8883
2001,"June 10, 2001","Regular season","Washington Mystics","New York Liberty","Verizon Center","Washington","DC",17715
2001,"June 12, 2001","Regular season","Minnesota Lynx","Indiana Fever","Target Center","Minneapolis","MN",6351
2001,"June 12, 2001","Regular season","Miami Sol","Detroit Shock","AmericanAirlines Arena","Miami","FL",7318
2001,"June 12, 2001","Regular season","New York Liberty","Charlotte Sting","Madison Square Garden","New York","NY",13150
2001,"June 12, 2001","Regular season","Phoenix Mercury","Sacramento Monarchs","US Airways Center","Phoenix","AZ",7113
2001,"June 12, 2001","Regular season","Portland Fire","Cleveland Rockers","Moda Center","Portland","OR",8082
2001,"June 12, 2001","Regular season","Seattle Storm","Orlando Miracle","KeyArena","Seattle","WA",3873
2001,"June 14, 2001","Regular season","Detroit Shock","Washington Mystics","Palace of Auburn Hills","Detroit","MI",4422
2001,"June 14, 2001","Regular season","Los Angeles Sparks","Orlando Miracle","Staples Center","Los Angeles","CA",9077
2001,"June 14, 2001","Regular season","Sacramento Monarchs","Phoenix Mercury","ARCO Arena","Sacramento","CA",5611
2001,"June 14, 2001","Regular season","Charlotte Sting","Utah Starzz","Spectrum Center","Charlotte","NC",13150
2001,"June 14, 2001","Regular season","Seattle Storm","Cleveland Rockers","KeyArena","Seattle","WA",3821
2001,"June 16, 2001","Regular season","Phoenix Mercury","Orlando Miracle","US Airways Center","Phoenix","AZ",8323
2001,"June 16, 2001","Regular season","Cleveland Rockers","Miami Sol","Quicken Loans Arena","Cleveland","OH",9610
2001,"June 16, 2001","Regular season","Indiana Fever","Minnesota Lynx","Conseco Fieldhouse","Indianapolis","IN",8067
2001,"June 16, 2001","Regular season","Sacramento Monarchs","Portland Fire","ARCO Arena","Sacramento","CA",7514
2001,"June 16, 2001","Regular season","New York Liberty","Washington Mystics","Madison Square Garden","New York","NY",15118
2001,"June 16, 2001","Regular season","Charlotte Sting","Detroit Shock","Spectrum Center","Charlotte","NC",5540
2001,"June 16, 2001","Regular season","Seattle Storm","Los Angeles Sparks","KeyArena","Seattle","WA",6964
2001,"June 17, 2001","Regular season","Detroit Shock","Minnesota Lynx","Palace of Auburn Hills","Detroit","MI",5076
2001,"June 17, 2001","Regular season","Los Angeles Sparks","Portland Fire","Staples Center","Los Angeles","CA",9312
2001,"June 17, 2001","Regular season","Washington Mystics","Cleveland Rockers","Verizon Center","Washington","DC",13497
2001,"June 17, 2001","Regular season","Miami Sol","New York Liberty","AmericanAirlines Arena","Miami","FL",8561
2001,"June 18, 2001","Regular season","Seattle Storm","Charlotte Sting","KeyArena","Seattle","WA",4016
2001,"June 18, 2001","Regular season","Indiana Fever","Orlando Miracle","Conseco Fieldhouse","Indianapolis","IN",7682
2001,"June 19, 2001","Regular season","Sacramento Monarchs","New York Liberty","ARCO Arena","Sacramento","CA",7648
2001,"June 19, 2001","Regular season","Los Angeles Sparks","Charlotte Sting","Staples Center","Los Angeles","CA",8823
2001,"June 19, 2001","Regular season","Portland Fire","Seattle Storm","Moda Center","Portland","OR",8151
2001,"June 21, 2001","Regular season","Houston Comets","Los Angeles Sparks","Compaq Center","Houston","TX",9918
2001,"June 21, 2001","Regular season","Utah Starzz","Sacramento Monarchs","EnergySolutions Arena","Salt Lake City","UT",6541
2001,"June 21, 2001","Regular season","Phoenix Mercury","New York Liberty","US Airways Center","Phoenix","AZ",8638
2001,"June 21, 2001","Regular season","Washington Mystics","Miami Sol","Verizon Center","Washington","DC",12815
2001,"June 22, 2001","Regular season","Cleveland Rockers","Los Angeles Sparks","Quicken Loans Arena","Cleveland","OH",8672
2001,"June 22, 2001","Regular season","Phoenix Mercury","Seattle Storm","US Airways Center","Phoenix","AZ",7123
2001,"June 22, 2001","Regular season","Portland Fire","Charlotte Sting","Moda Center","Portland","OR",8616
2001,"June 22, 2001","Regular season","Indiana Fever","Detroit Shock","Conseco Fieldhouse","Indianapolis","IN",7116
2001,"June 22, 2001","Regular season","Minnesota Lynx","Miami Sol","Target Center","Minneapolis","MN",6428
2001,"June 23, 2001","Regular season","Utah Starzz","Minnesota Lynx","EnergySolutions Arena","Salt Lake City","UT",5938
2001,"June 23, 2001","Regular season","Orlando Miracle","Washington Mystics","Amway Arena","Orlando","FL",8078
2001,"June 23, 2001","Regular season","Detroit Shock","Indiana Fever","Palace of Auburn Hills","Detroit","MI",5459
2001,"June 23, 2001","Regular season","Houston Comets","Sacramento Monarchs","Compaq Center","Houston","TX",10722
2001,"June 24, 2001","Regular season","New York Liberty","Los Angeles Sparks","Madison Square Garden","New York","NY",17084
2001,"June 24, 2001","Regular season","Miami Sol","Cleveland Rockers","AmericanAirlines Arena","Miami","FL",7408
2001,"June 24, 2001","Regular season","Houston Comets","Portland Fire","Compaq Center","Houston","TX",9389
2001,"June 24, 2001","Regular season","Charlotte Sting","Sacramento Monarchs","Spectrum Center","Charlotte","NC",4077
2001,"June 25, 2001","Regular season","Orlando Miracle","New York Liberty","Amway Arena","Orlando","FL",6282
2001,"June 25, 2001","Regular season","Washington Mystics","Minnesota Lynx","Verizon Center","Washington","DC",13823
2001,"June 25, 2001","Regular season","Utah Starzz","Seattle Storm","EnergySolutions Arena","Salt Lake City","UT",5833
2001,"June 26, 2001","Regular season","Detroit Shock","Los Angeles Sparks","Palace of Auburn Hills","Detroit","MI",5380
2001,"June 26, 2001","Regular season","Cleveland Rockers","Portland Fire","Quicken Loans Arena","Cleveland","OH",7077
2001,"June 27, 2001","Regular season","Charlotte Sting","Detroit Shock","Spectrum Center","Charlotte","NC",4036
2001,"June 27, 2001","Regular season","Indiana Fever","Portland Fire","Conseco Fieldhouse","Indianapolis","IN",7302
2001,"June 27, 2001","Regular season","Houston Comets","Washington Mystics","Compaq Center","Houston","TX",9298
2001,"June 27, 2001","Regular season","Orlando Miracle","Cleveland Rockers","Amway Arena","Orlando","FL",5396
2001,"June 27, 2001","Regular season","Miami Sol","Utah Starzz","AmericanAirlines Arena","Miami","FL",8575
2001,"June 28, 2001","Regular season","Minnesota Lynx","Seattle Storm","Target Center","Minneapolis","MN",7505
2001,"June 28, 2001","Regular season","Sacramento Monarchs","Houston Comets","ARCO Arena","Sacramento","CA",6820
2001,"June 29, 2001","Regular season","Detroit Shock","Phoenix Mercury","Palace of Auburn Hills","Detroit","MI",6716
2001,"June 29, 2001","Regular season","Miami Sol","Portland Fire","AmericanAirlines Arena","Miami","FL",14005
2001,"June 29, 2001","Regular season","Indiana Fever","Charlotte Sting","Conseco Fieldhouse","Indianapolis","IN",8024
2001,"June 29, 2001","Regular season","Washington Mystics","Utah Starzz","Verizon Center","Washington","DC",14687
2001,"June 30, 2001","Regular season","Charlotte Sting","Cleveland Rockers","Spectrum Center","Charlotte","NC",6077
2001,"June 30, 2001","Regular season","Minnesota Lynx","Houston Comets","Target Center","Minneapolis","MN",8756
2001,"June 30, 2001","Regular season","Seattle Storm","Sacramento Monarchs","KeyArena","Seattle","WA",7048
2001,"June 30, 2001","Regular season","New York Liberty","Orlando Miracle","Madison Square Garden","New York","NY",15354
2001,"July 1, 2001","Regular season","Cleveland Rockers","Minnesota Lynx","Quicken Loans Arena","Cleveland","OH",7045
2001,"July 1, 2001","Regular season","Los Angeles Sparks","Miami Sol","Staples Center","Los Angeles","CA",8312
2001,"July 1, 2001","Regular season","Indiana Fever","Phoenix Mercury","Conseco Fieldhouse","Indianapolis","IN",7459
2001,"July 1, 2001","Regular season","Washington Mystics","Orlando Miracle","Verizon Center","Washington","DC",13524
2001,"July 2, 2001","Regular season","Houston Comets","Portland Fire","Compaq Center","Houston","TX",10543
2001,"July 2, 2001","Regular season","Utah Starzz","Miami Sol","EnergySolutions Arena","Salt Lake City","UT",5007
2001,"July 2, 2001","Regular season","New York Liberty","Detroit Shock","Madison Square Garden","New York","NY",14052
2001,"July 3, 2001","Regular season","Minnesota Lynx","Sacramento Monarchs","Target Center","Minneapolis","MN",5168
2001,"July 3, 2001","Regular season","Los Angeles Sparks","Utah Starzz","Staples Center","Los Angeles","CA",7245
2001,"July 3, 2001","Regular season","Charlotte Sting","New York Liberty","Spectrum Center","Charlotte","NC",4045
2001,"July 3, 2001","Regular season","Seattle Storm","Washington Mystics","KeyArena","Seattle","WA",4312
2001,"July 4, 2001","Regular season","Phoenix Mercury","Miami Sol","US Airways Center","Phoenix","AZ",6680
2001,"July 4, 2001","Regular season","Portland Fire","Seattle Storm","Moda Center","Portland","OR",7928
2001,"July 5, 2001","Regular season","Los Angeles Sparks","Phoenix Mercury","Staples Center","Los Angeles","CA",6591
2001,"July 6, 2001","Regular season","Detroit Shock","Charlotte Sting","Palace of Auburn Hills","Detroit","MI",5780
2001,"July 6, 2001","Regular season","Minnesota Lynx","New York Liberty","Target Center","Minneapolis","MN",7031
2001,"July 6, 2001","Regular season","Houston Comets","Indiana Fever","Compaq Center","Houston","TX",10513
2001,"July 6, 2001","Regular season","Utah Starzz","Cleveland Rockers","EnergySolutions Arena","Salt Lake City","UT",6006
2001,"July 6, 2001","Regular season","Portland Fire","Washington Mystics","Moda Center","Portland","OR",8324
2001,"July 6, 2001","Regular season","Orlando Miracle","Sacramento Monarchs","Amway Arena","Orlando","FL",11068
2001,"July 7, 2001","Regular season","Miami Sol","Sacramento Monarchs","AmericanAirlines Arena","Miami","FL",8328
2001,"July 7, 2001","Regular season","Phoenix Mercury","Washington Mystics","US Airways Center","Phoenix","AZ",7463
2001,"July 7, 2001","Regular season","Charlotte Sting","Seattle Storm","Spectrum Center","Charlotte","NC",7007
2001,"July 8, 2001","Regular season","Los Angeles Sparks","Minnesota Lynx","Staples Center","Los Angeles","CA",7658
2001,"July 8, 2001","Regular season","Indiana Fever","New York Liberty","Conseco Fieldhouse","Indianapolis","IN",8364
2001,"July 8, 2001","Regular season","Houston Comets","Cleveland Rockers","Compaq Center","Houston","TX",11036
2001,"July 8, 2001","Regular season","Portland Fire","Utah Starzz","Moda Center","Portland","OR",8759
2001,"July 8, 2001","Regular season","Orlando Miracle","Detroit Shock","Amway Arena","Orlando","FL",6870
2001,"July 9, 2001","Regular season","New York Liberty","Indiana Fever","Madison Square Garden","New York","NY",13791
2001,"July 10, 2001","Regular season","Minnesota Lynx","Portland Fire","Target Center","Minneapolis","MN",5387
2001,"July 10, 2001","Regular season","Orlando Miracle","Miami Sol","Amway Arena","Orlando","FL",5363
2001,"July 10, 2001","Regular season","Cleveland Rockers","Seattle Storm","Quicken Loans Arena","Cleveland","OH",7018
2001,"July 10, 2001","Regular season","Utah Starzz","Los Angeles Sparks","EnergySolutions Arena","Salt Lake City","UT",7044
2001,"July 10, 2001","Regular season","Sacramento Monarchs","Houston Comets","ARCO Arena","Sacramento","CA",7170
2001,"July 11, 2001","Regular season","Indiana Fever","Cleveland Rockers","Conseco Fieldhouse","Indianapolis","IN",7025
2001,"July 11, 2001","Regular season","Washington Mystics","Detroit Shock","Verizon Center","Washington","DC",19093
2001,"July 11, 2001","Regular season","Phoenix Mercury","Los Angeles Sparks","US Airways Center","Phoenix","AZ",7649
2001,"July 11, 2001","Regular season","New York Liberty","Seattle Storm","Madison Square Garden","New York","NY",14176
2001,"July 12, 2001","Regular season","Sacramento Monarchs","Utah Starzz","ARCO Arena","Sacramento","CA",7524
2001,"July 12, 2001","Regular season","Charlotte Sting","Orlando Miracle","Spectrum Center","Charlotte","NC",4317
2001,"July 12, 2001","Regular season","Portland Fire","Houston Comets","Moda Center","Portland","OR",9059
2001,"July 13, 2001","Regular season","Indiana Fever","Orlando Miracle","Conseco Fieldhouse","Indianapolis","IN",8770
2001,"July 13, 2001","Regular season","Detroit Shock","Miami Sol","Palace of Auburn Hills","Detroit","MI",6170
2001,"July 13, 2001","Regular season","Cleveland Rockers","Phoenix Mercury","Quicken Loans Arena","Cleveland","OH",7564
2001,"July 13, 2001","Regular season","Seattle Storm","Houston Comets","KeyArena","Seattle","WA",5026
2001,"July 13, 2001","Regular season","New York Liberty","Minnesota Lynx","Madison Square Garden","New York","NY",15770
2001,"July 14, 2001","Regular season","Charlotte Sting","Indiana Fever","Spectrum Center","Charlotte","NC",6066
2001,"July 14, 2001","Regular season","Miami Sol","Detroit Shock","AmericanAirlines Arena","Miami","FL",8398
2001,"July 14, 2001","Regular season","Minnesota Lynx","Phoenix Mercury","Target Center","Minneapolis","MN",6373
2001,"July 14, 2001","Regular season","Utah Starzz","Sacramento Monarchs","EnergySolutions Arena","Salt Lake City","UT",5923
2001,"July 14, 2001","Regular season","Washington Mystics","Los Angeles Sparks","Verizon Center","Washington","DC",19093
2001,"July 18, 2001","Regular season","Indiana Fever","Utah Starzz","Conseco Fieldhouse","Indianapolis","IN",7347
2001,"July 18, 2001","Regular season","Detroit Shock","New York Liberty","Palace of Auburn Hills","Detroit","MI",13378
2001,"July 18, 2001","Regular season","Miami Sol","Charlotte Sting","AmericanAirlines Arena","Miami","FL",6796
2001,"July 18, 2001","Regular season","Orlando Miracle","Houston Comets","Amway Arena","Orlando","FL",6170
2001,"July 18, 2001","Regular season","Minnesota Lynx","Seattle Storm","Target Center","Minneapolis","MN",5627
2001,"July 19, 2001","Regular season","Phoenix Mercury","Portland Fire","US Airways Center","Phoenix","AZ",8232
2001,"July 19, 2001","Regular season","Cleveland Rockers","New York Liberty","Quicken Loans Arena","Cleveland","OH",10121
2001,"July 19, 2001","Regular season","Sacramento Monarchs","Los Angeles Sparks","ARCO Arena","Sacramento","CA",8364
2001,"July 20, 2001","Regular season","Indiana Fever","Washington Mystics","Conseco Fieldhouse","Indianapolis","IN",7493
2001,"July 20, 2001","Regular season","Miami Sol","Houston Comets","AmericanAirlines Arena","Miami","FL",8021
2001,"July 20, 2001","Regular season","Seattle Storm","Portland Fire","KeyArena","Seattle","WA",9232
2001,"July 20, 2001","Regular season","Charlotte Sting","Orlando Miracle","Spectrum Center","Charlotte","NC",5318
2001,"July 21, 2001","Regular season","Los Angeles Sparks","Seattle Storm","Staples Center","Los Angeles","CA",11519
2001,"July 21, 2001","Regular season","Phoenix Mercury","Utah Starzz","US Airways Center","Phoenix","AZ",8378
2001,"July 21, 2001","Regular season","Cleveland Rockers","Charlotte Sting","Quicken Loans Arena","Cleveland","OH",8035
2001,"July 21, 2001","Regular season","Sacramento Monarchs","Detroit Shock","ARCO Arena","Sacramento","CA",9365
2001,"July 21, 2001","Regular season","Orlando Miracle","Minnesota Lynx","Amway Arena","Orlando","FL",7574
2001,"July 22, 2001","Regular season","Washington Mystics","Indiana Fever","Verizon Center","Washington","DC",16021
2001,"July 22, 2001","Regular season","Portland Fire","Detroit Shock","Moda Center","Portland","OR",7626
2001,"July 22, 2001","Regular season","New York Liberty","Miami Sol","Madison Square Garden","New York","NY",18132
2001,"July 23, 2001","Regular season","Minnesota Lynx","Houston Comets","Target Center","Minneapolis","MN",7352
2001,"July 24, 2001","Regular season","Orlando Miracle","Washington Mystics","Amway Arena","Orlando","FL",5878
2001,"July 24, 2001","Regular season","Houston Comets","Utah Starzz","Compaq Center","Houston","TX",12177
2001,"July 24, 2001","Regular season","Charlotte Sting","Indiana Fever","Spectrum Center","Charlotte","NC",4360
2001,"July 24, 2001","Regular season","Portland Fire","New York Liberty","Moda Center","Portland","OR",8038
2001,"July 24, 2001","Regular season","Seattle Storm","Detroit Shock","KeyArena","Seattle","WA",4323
2001,"July 25, 2001","Regular season","Los Angeles Sparks","Sacramento Monarchs","Staples Center","Los Angeles","CA",11819
2001,"July 25, 2001","Regular season","Cleveland Rockers","Miami Sol","Quicken Loans Arena","Cleveland","OH",13387
2001,"July 26, 2001","Regular season","Utah Starzz","New York Liberty","EnergySolutions Arena","Salt Lake City","UT",6463
2001,"July 26, 2001","Regular season","Charlotte Sting","Washington Mystics","Spectrum Center","Charlotte","NC",7896
2001,"July 26, 2001","Regular season","Phoenix Mercury","Detroit Shock","US Airways Center","Phoenix","AZ",8508
2001,"July 27, 2001","Regular season","Cleveland Rockers","Indiana Fever","Quicken Loans Arena","Cleveland","OH",9981
2001,"July 27, 2001","Regular season","Minnesota Lynx","Washington Mystics","Target Center","Minneapolis","MN",8979
2001,"July 27, 2001","Regular season","Sacramento Monarchs","Portland Fire","ARCO Arena","Sacramento","CA",7571
2001,"July 27, 2001","Regular season","Miami Sol","Orlando Miracle","AmericanAirlines Arena","Miami","FL",9052
2001,"July 27, 2001","Regular season","Seattle Storm","Phoenix Mercury","KeyArena","Seattle","WA",5278
2001,"July 28, 2001","Regular season","Utah Starzz","Minnesota Lynx","EnergySolutions Arena","Salt Lake City","UT",7808
2001,"July 28, 2001","Regular season","Indiana Fever","Miami Sol","Conseco Fieldhouse","Indianapolis","IN",10871
2001,"July 28, 2001","Regular season","Houston Comets","New York Liberty","Compaq Center","Houston","TX",14566
2001,"July 28, 2001","Regular season","Portland Fire","Los Angeles Sparks","Moda Center","Portland","OR",10120
2001,"July 28, 2001","Regular season","Detroit Shock","Cleveland Rockers","Palace of Auburn Hills","Detroit","MI",7775
2001,"July 29, 2001","Regular season","Detroit Shock","Orlando Miracle","Palace of Auburn Hills","Detroit","MI",4763
2001,"July 29, 2001","Regular season","Sacramento Monarchs","Phoenix Mercury","ARCO Arena","Sacramento","CA",7768
2001,"July 29, 2001","Regular season","Washington Mystics","Charlotte Sting","Verizon Center","Washington","DC",14914
2001,"July 30, 2001","Regular season","Cleveland Rockers","Orlando Miracle","Quicken Loans Arena","Cleveland","OH",10043
2001,"July 30, 2001","Regular season","Houston Comets","Seattle Storm","Compaq Center","Houston","TX",12573
2001,"July 30, 2001","Regular season","Los Angeles Sparks","Minnesota Lynx","Staples Center","Los Angeles","CA",8637
2001,"July 30, 2001","Regular season","Portland Fire","Utah Starzz","Moda Center","Portland","OR",7905
2001,"July 31, 2001","Regular season","Charlotte Sting","Miami Sol","Spectrum Center","Charlotte","NC",7064
2001,"August 1, 2001","Regular season","Houston Comets","Utah Starzz","Compaq Center","Houston","TX",9551
2001,"August 1, 2001","Regular season","New York Liberty","Detroit Shock","Madison Square Garden","New York","NY",15223
2001,"August 1, 2001","Regular season","Orlando Miracle","Portland Fire","Amway Arena","Orlando","FL",6134
2001,"August 1, 2001","Regular season","Indiana Fever","Washington Mystics","Conseco Fieldhouse","Indianapolis","IN",11142
2001,"August 1, 2001","Regular season","Phoenix Mercury","Minnesota Lynx","US Airways Center","Phoenix","AZ",8927
2001,"August 2, 2001","Regular season","Los Angeles Sparks","Sacramento Monarchs","Staples Center","Los Angeles","CA",8554
2001,"August 3, 2001","Regular season","Washington Mystics","Portland Fire","Verizon Center","Washington","DC",15532
2001,"August 3, 2001","Regular season","Miami Sol","Phoenix Mercury","AmericanAirlines Arena","Miami","FL",9011
2001,"August 3, 2001","Regular season","Minnesota Lynx","Charlotte Sting","Target Center","Minneapolis","MN",7494
2001,"August 3, 2001","Regular season","Houston Comets","Orlando Miracle","Compaq Center","Houston","TX",11180
2001,"August 3, 2001","Regular season","Sacramento Monarchs","Indiana Fever","ARCO Arena","Sacramento","CA",8856
2001,"August 3, 2001","Regular season","Seattle Storm","Utah Starzz","KeyArena","Seattle","WA",5873
2001,"August 4, 2001","Regular season","New York Liberty","Cleveland Rockers","Madison Square Garden","New York","NY",18009
2001,"August 4, 2001","Regular season","Charlotte Sting","Houston Comets","Spectrum Center","Charlotte","NC",11057
2001,"August 4, 2001","Regular season","Detroit Shock","Portland Fire","Palace of Auburn Hills","Detroit","MI",5889
2001,"August 4, 2001","Regular season","Utah Starzz","Indiana Fever","EnergySolutions Arena","Salt Lake City","UT",8568
2001,"August 4, 2001","Regular season","Los Angeles Sparks","Seattle Storm","Staples Center","Los Angeles","CA",9493
2001,"August 5, 2001","Regular season","Orlando Miracle","Phoenix Mercury","Amway Arena","Orlando","FL",6334
2001,"August 5, 2001","Regular season","Miami Sol","Washington Mystics","AmericanAirlines Arena","Miami","FL",10412
2001,"August 5, 2001","Regular season","Minnesota Lynx","Sacramento Monarchs","Target Center","Minneapolis","MN",7391
2001,"August 6, 2001","Regular season","Washington Mystics","Charlotte Sting","Verizon Center","Washington","DC",13619
2001,"August 6, 2001","Regular season","Houston Comets","Phoenix Mercury","Compaq Center","Houston","TX",13310
2001,"August 6, 2001","Regular season","Los Angeles Sparks","Indiana Fever","Staples Center","Los Angeles","CA",8166
2001,"August 7, 2001","Regular season","Sacramento Monarchs","Minnesota Lynx","ARCO Arena","Sacramento","CA",9094
2001,"August 7, 2001","Regular season","Orlando Miracle","Cleveland Rockers","Amway Arena","Orlando","FL",5941
2001,"August 7, 2001","Regular season","Detroit Shock","Utah Starzz","Palace of Auburn Hills","Detroit","MI",6263
2001,"August 8, 2001","Regular season","Washington Mystics","Miami Sol","Verizon Center","Washington","DC",16191
2001,"August 8, 2001","Regular season","Cleveland Rockers","Detroit Shock","Quicken Loans Arena","Cleveland","OH",10978
2001,"August 8, 2001","Regular season","New York Liberty","Utah Starzz","Madison Square Garden","New York","NY",17018
2001,"August 8, 2001","Regular season","Portland Fire","Minnesota Lynx","Moda Center","Portland","OR",8315
2001,"August 8, 2001","Regular season","Seattle Storm","Houston Comets","KeyArena","Seattle","WA",6003
2001,"August 8, 2001","Regular season","Los Angeles Sparks","Phoenix Mercury","Staples Center","Los Angeles","CA",10086
2001,"August 10, 2001","Regular season","Miami Sol","Indiana Fever","AmericanAirlines Arena","Miami","FL",9013
2001,"August 10, 2001","Regular season","Cleveland Rockers","Charlotte Sting","Quicken Loans Arena","Cleveland","OH",13565
2001,"August 10, 2001","Regular season","New York Liberty","Orlando Miracle","Madison Square Garden","New York","NY",17163
2001,"August 10, 2001","Regular season","Detroit Shock","Washington Mystics","Palace of Auburn Hills","Detroit","MI",9064
2001,"August 10, 2001","Regular season","Utah Starzz","Phoenix Mercury","EnergySolutions Arena","Salt Lake City","UT",11311
2001,"August 10, 2001","Regular season","Seattle Storm","Minnesota Lynx","KeyArena","Seattle","WA",7823
2001,"August 11, 2001","Regular season","Los Angeles Sparks","Houston Comets","Staples Center","Los Angeles","CA",11709
2001,"August 11, 2001","Regular season","Charlotte Sting","New York Liberty","Spectrum Center","Charlotte","NC",11737
2001,"August 11, 2001","Regular season","Orlando Miracle","Miami Sol","Amway Arena","Orlando","FL",11903
2001,"August 11, 2001","Regular season","Phoenix Mercury","Portland Fire","US Airways Center","Phoenix","AZ",10823
2001,"August 11, 2001","Regular season","Sacramento Monarchs","Seattle Storm","ARCO Arena","Sacramento","CA",13873
2001,"August 12, 2001","Regular season","Washington Mystics","Cleveland Rockers","Verizon Center","Washington","DC",17531
2001,"August 12, 2001","Regular season","Minnesota Lynx","Utah Starzz","Target Center","Minneapolis","MN",10489
2001,"August 12, 2001","Regular season","Indiana Fever","Detroit Shock","Conseco Fieldhouse","Indianapolis","IN",15198
2001,"August 12, 2001","Regular season","Portland Fire","Sacramento Monarchs","Moda Center","Portland","OR",8582
2001,"August 13, 2001","Regular season","Houston Comets","Minnesota Lynx","Compaq Center","Houston","TX",10516
2001,"August 13, 2001","Regular season","Utah Starzz","Los Angeles Sparks","EnergySolutions Arena","Salt Lake City","UT",11519
2001,"August 14, 2001","Regular season","Miami Sol","Charlotte Sting","AmericanAirlines Arena","Miami","FL",11123
2001,"August 14, 2001","Regular season","Orlando Miracle","Indiana Fever","Amway Arena","Orlando","FL",8570
2001,"August 14, 2001","Regular season","Detroit Shock","Cleveland Rockers","Palace of Auburn Hills","Detroit","MI",9799
2001,"August 14, 2001","Regular season","New York Liberty","Washington Mystics","Madison Square Garden","New York","NY",18213
2001,"August 14, 2001","Regular season","Phoenix Mercury","Houston Comets","US Airways Center","Phoenix","AZ",14177
2001,"August 14, 2001","Regular season","Portland Fire","Los Angeles Sparks","Moda Center","Portland","OR",10795
2001,"August 14, 2001","Regular season","Seattle Storm","Sacramento Monarchs","KeyArena","Seattle","WA",7668
